epoch,step,test_ergas,test_loss,test_sam
0,0,9.493066787719727,0.0011322174686938524,10.868268013000488
