epoch,step,test_ergas,test_loss,test_sam
0,0,10.535005569458008,0.0014335531741380692,10.919551849365234
