epoch,step,test_ergas,test_loss,test_sam
0,0,8.291147232055664,0.0009043370373547077,7.371901512145996
