epoch,step,test_ergas,test_loss,test_sam
0,0,8.334555625915527,0.000906488683540374,7.6803483963012695
