epoch,step,test_ergas,test_loss,test_sam
0,0,8.370748519897461,0.000899920123629272,8.465141296386719
