epoch,step,test_ergas,test_loss,test_sam
0,0,9.107236862182617,0.001097363536246121,7.886076927185059
